,Common name / Scientific,Length,Recordist,Date,Time,Country,Location,Elev. (m),Type,Remarks,Actions,Cat.nr.,copyright,filename,download url
0,American Redstart (Setophaga ruticilla),0:05,Ross Gallardy,2016-03-09,16:30,Jamaica,Ecclesdown Rd,300,"call, male","bird-seen:yes
playback-used:no
 [sono]",ABCDE,XC308434,Creative Commons Attribution-NonCommercial-ShareAlike 4.0,XC308434 - American Redstart - Setophaga ruticilla.mp3,/308434/download
1,American Redstart (Setophaga ruticilla),0:22,Nathan Hentze,2014-02-09,11:49,Jamaica,"Burnt Hil, Trelawny",500,call,"Spontaneously calling bird moving around roadside shrubs
bird-seen:yes
playback-used:no
 [sono]",ABCDE,XC289892,Creative Commons Attribution-NonCommercial-ShareAlike 4.0,XC289892 - American Redstart - Setophaga ruticilla.mp3,/289892/download
2,Arrowhead Warbler (Setophaga pharetra),0:21,Richard C. Hoyer,2010-04-11,11:54,Jamaica,"Ecclesdown, Portland",220,call,"female in response to pishing
 Recording (not its ID) has been discussed. See the forum.[sono]",ABCDE,XC48115,Creative Commons Attribution-NonCommercial-NoDerivs 2.5,XC48115 - Arrowhead Warbler - Setophaga pharetra.mp3,/48115/download
3,Bahama Mockingbird (Mimus gundlachii hillii),2:30,Nathan Hentze,2014-02-09,10:01,Jamaica,"Portland Cottage, Clarendon Parish, Jamaica",4,song,"Perched in low branches of tree ~10 ft above ground. Had been singing from that spot for at least 20 minutes before began recording. Sounds <300 Hz filtered out. Several other very short clicks due to tapping the microphone cut, but only during spaces between song bouts; not affecting the spacing between songs. Sunny and hot (~30 C). Other more distant Bahama Mockingbirds were heard singing, as well as Northern Mockingbirds (not captured during this recording). 
bird-seen:yes
playback-used:no
 [sono]",ABCDE,XC203771,Creative Commons Attribution-NonCommercial-ShareAlike 4.0,XC203771 - Bahama Mockingbird - Mimus gundlachii hillii.mp3,/203771/download
4,Bahama Mockingbird (Mimus gundlachii),2:31,Garrett MacDonald,2013-05-06,13:22,Jamaica,"Portland Cottage, Clarendon Parish, Jamaica",0,song,"bird-seen:yes
playback-used:yes
 [sono]",ABCDE,XC133044,Creative Commons Attribution-NonCommercial-ShareAlike 3.0,XC133044 - Bahama Mockingbird - Mimus gundlachii.mp3,/133044/download
5,Bananaquit (Coereba flaveola),0:15,Ross Gallardy,2016-03-11,08:30,Jamaica,"Wiltshire, Saint James Parish",280,song,"bird-seen:yes
playback-used:no
 [sono]",ABCDE,XC308452,Creative Commons Attribution-NonCommercial-ShareAlike 4.0,XC308452 - Bananaquit - Coereba flaveola.mp3,/308452/download
6,Bananaquit (Coereba flaveola),0:37,Ross Gallardy,2016-03-11,08:30,Jamaica,"Wiltshire, Saint James Parish",280,"alarm call, call","bird-seen:yes
playback-used:yes
 [sono]",ABCDE,XC308450,Creative Commons Attribution-NonCommercial-ShareAlike 4.0,XC308450 - Bananaquit - Coereba flaveola.mp3,/308450/download
7,Bananaquit (Coereba flaveola),0:15,Ross Gallardy,2016-03-11,08:30,Jamaica,"Wiltshire, Saint James Parish",280,call,"bird-seen:yes
playback-used:no
 [sono]",ABCDE,XC308451,Creative Commons Attribution-NonCommercial-ShareAlike 4.0,XC308451 - Bananaquit - Coereba flaveola.mp3,/308451/download
8,Bananaquit (Coereba flaveola),0:01,Nick Komar,2015-01-17,07:00,Jamaica,"Green Castle Estate House, Robins Bay, Saint Mary Parish",120,song,"playback-used:no
  [also]
[sono]",ABCDE,XC211367,Creative Commons Attribution-NonCommercial-ShareAlike 4.0,XC211367 - Bananaquit - Coereba flaveola.mp3,/211367/download
9,Bananaquit (Coereba flaveola flaveola),0:05,Richard C. Hoyer,2010-04-12,16:53,Jamaica,"Drapers, Portland",30,song,[sono],ABCDE,XC48116,Creative Commons Attribution-NonCommercial-NoDerivs 2.5,XC48116 - Bananaquit - Coereba flaveola flaveola.mp3,/48116/download
10,Bananaquit (Coereba flaveola),0:26,Nick Komar,2015-01-17,07:00,Jamaica,"Green Castle Estate House, Robins Bay, Saint Mary Parish",120,song,"playback-used:no
 [sono]",ABCDE,XC211366,Creative Commons Attribution-NonCommercial-ShareAlike 4.0,XC211366 - Bananaquit - Coereba flaveola.mp3,/211366/download
11,Black-billed Amazon (Amazona agilis),1:10,Nick Komar,2018-07-13,12:30,Jamaica,"Ecclesdown Road, Portland Parish",140,call,"Recording filtered and normalized.
bird-seen:no
playback-used:no
 [sono]",ABCDE,XC426020,Creative Commons Attribution-NonCommercial-ShareAlike 4.0,XC426020 - Black-billed Amazon - Amazona agilis.mp3,/426020/download
12,Black-billed Amazon (Amazona agilis),0:10,Nick Komar,2018-07-13,07:30,Jamaica,"Ecclesdown Road, Portland Parish",140,flight call,"Recording filtered and normalized.
bird-seen:no
playback-used:no
 [sono]",ABCDE,XC426017,Creative Commons Attribution-NonCommercial-ShareAlike 4.0,XC426017 - Black-billed Amazon - Amazona agilis.mp3,/426017/download
13,Black-billed Amazon (Amazona agilis),0:21,Ross Gallardy,2016-03-09,14:30,Jamaica,Ecclesdown Rd,300,call,"bird-seen:yes
playback-used:no
 [sono]",ABCDE,XC308431,Creative Commons Attribution-NonCommercial-ShareAlike 4.0,XC308431 - Black-billed Amazon - Amazona agilis.mp3,/308431/download
14,Black-billed Amazon (Amazona agilis),0:35,Ross Gallardy,2016-03-09,14:30,Jamaica,Ecclesdown Rd,300,call,"bird-seen:yes
playback-used:no
 [sono]",ABCDE,XC308430,Creative Commons Attribution-NonCommercial-ShareAlike 4.0,XC308430 - Black-billed Amazon - Amazona agilis.mp3,/308430/download
15,Black-billed Amazon (Amazona agilis),0:36,Ross Gallardy,2016-03-09,14:30,Jamaica,Ecclesdown Rd,300,call,"bird-seen:yes
playback-used:no
 [sono]",ABCDE,XC308429,Creative Commons Attribution-NonCommercial-ShareAlike 4.0,XC308429 - Black-billed Amazon - Amazona agilis.mp3,/308429/download
16,Black-billed Amazon (Amazona agilis),0:50,Richard C. Hoyer,2012-04-02,9:00,Jamaica,"Ecclesdown, Portland",210,call,"perched birds, natural calls
 [sono]",ABCDE,XC97904,Creative Commons Attribution-NonCommercial-NoDerivs 2.5,XC97904 - Black-billed Amazon - Amazona agilis.mp3,/97904/download
17,Black-billed Amazon (Amazona agilis),0:38,Nick Komar,2018-07-13,08:00,Jamaica,"Ecclesdown Road, Portland Parish",140,"call, juvenile","Recording filtered and normalized.
bird-seen:yes
playback-used:no
 [sono]",ABCDE,XC426019,Creative Commons Attribution-NonCommercial-ShareAlike 4.0,XC426019 - Black-billed Amazon - Amazona agilis.mp3,/426019/download
18,Black-billed Amazon (Amazona agilis),0:33,Richard C. Hoyer,2010-04-12,07:11,Jamaica,"Ecclesdown, Portland",220,call,[sono],ABCDE,XC48117,Creative Commons Attribution-NonCommercial-NoDerivs 2.5,XC48117 - Black-billed Amazon - Amazona agilis.mp3,/48117/download
19,Black-billed Streamertail (Trochilus scitulus),0:08,Nick Komar,2018-07-13,12:00,Jamaica,"Ecclesdown Road, Portland Parish",140,flight call,"Recording filtered and normalized.
bird-seen:no
playback-used:no
 [sono]",ABCDE,XC426023,Creative Commons Attribution-NonCommercial-ShareAlike 4.0,XC426023 - Black-billed Streamertail - Trochilus scitulus.mp3,/426023/download
20,Black-billed Streamertail (Trochilus scitulus),0:12,Richard C. Hoyer,2010-04-11,11:36,Jamaica,"Ecclesdown, Portland",220,song,[sono],ABCDE,XC48118,Creative Commons Attribution-NonCommercial-NoDerivs 2.5,XC48118 - Black-billed Streamertail - Trochilus scitulus.mp3,/48118/download
21,Black-faced Grassquit (Tiaris bicolor marchii),0:23,Richard C. Hoyer,2010-04-17,07:38,Jamaica,"Mandeville, Manchester",650,song,[sono],ABCDE,XC48119,Creative Commons Attribution-NonCommercial-NoDerivs 2.5,XC48119 - Black-faced Grassquit - Tiaris bicolor marchii.mp3,/48119/download
22,Black-whiskered Vireo (Vireo altiloquus),0:27,Nick Komar,2018-07-13,08:30,Jamaica,"Ecclesdown Road, Portland Parish",140,song,"Recording filtered and normalized.
bird-seen:no
playback-used:no
 [sono]",ABCDE,XC426025,Creative Commons Attribution-NonCommercial-ShareAlike 4.0,XC426025 - Black-whiskered Vireo - Vireo altiloquus.mp3,/426025/download
23,Black-whiskered Vireo (Vireo altiloquus),0:32,Nick Komar,2018-07-13,11:30,Jamaica,"Ecclesdown Road, Portland Parish",140,call,"Recording filtered and normalized.
playback-used:no
 [sono]",ABCDE,XC426024,Creative Commons Attribution-NonCommercial-ShareAlike 4.0,XC426024 - Black-whiskered Vireo - Vireo altiloquus.mp3,/426024/download
24,Blue Mountain Vireo (Vireo osburni),0:25,Ross Gallardy,2016-03-09,08:00,Jamaica,"Blue Mountains National Park, Portland Parish",1200,song,"bird-seen:no
playback-used:no
 [sono]",ABCDE,XC308417,Creative Commons Attribution-NonCommercial-ShareAlike 4.0,XC308417 - Blue Mountain Vireo - Vireo osburni.mp3,/308417/download
25,Caribbean Dove (Leptotila jamaicensis jamaicensis),0:08,Nick Komar,2015-01-16,10:00,Jamaica,"Green Castle Estate, Robins Bay, Saint Mary Parish",70,song,"bird-seen:no
playback-used:no
 [sono]",ABCDE,XC211365,Creative Commons Attribution-NonCommercial-ShareAlike 4.0,XC211365 - Caribbean Dove - Leptotila jamaicensis jamaicensis.mp3,/211365/download
26,Chestnut-bellied Cuckoo (Coccyzus pluvialis),0:37,Nathan Hentze,2014-02-07,17:57,Jamaica,Ecclesdown Rd,300,call,"Two perched cuckoos sitting on branches a couple metres apart, facing each other. One cuckoo giving a softer call, being answered by harsher, nasally ""raah"" of the other bird. Louder call is from bird facing microphone. Calls given with simultaneously tail raising. Both birds appeared to be adult, possibly courtship behaviour?  Recorded around dusk with Sennheiser ME66/K6 with Sony PCM-M10. No filtering or editing other than removing very brief (<1 s) section between first and second calls when microphone got bumped. 
bird-seen:yes
playback-used:no
  [also]
[sono]",ABCDE,XC170573,Creative Commons Attribution-NonCommercial-ShareAlike 3.0,XC170573 - Chestnut-bellied Cuckoo - Coccyzus pluvialis.mp3,/170573/download
27,Crested Quail-Dove (Geotrygon versicolor),0:57,Richard C. Hoyer,2010-04-13,17:29,Jamaica,"Silver Hill Gap, St. Andrew",1050,song,[sono],ABCDE,XC48120,Creative Commons Attribution-NonCommercial-NoDerivs 2.5,XC48120 - Crested Quail-Dove - Geotrygon versicolor.mp3,/48120/download
28,Greater Antillean Bullfinch (Loxigilla violacea),0:15,Nick Komar,2018-07-13,12:00,Jamaica,"Ecclesdown Road, Portland Parish",140,song,"Recording filtered and normalized.
bird-seen:no
playback-used:no
 [sono]",ABCDE,XC426027,Creative Commons Attribution-NonCommercial-ShareAlike 4.0,XC426027 - Greater Antillean Bullfinch - Loxigilla violacea.mp3,/426027/download
29,Greater Antillean Bullfinch (Loxigilla violacea),0:12,Nick Komar,2018-07-13,10:30,Jamaica,"Ecclesdown Road, Portland Parish",140,song,"Recording filtered and normalized.
bird-seen:no
playback-used:no
 [sono]",ABCDE,XC426026,Creative Commons Attribution-NonCommercial-ShareAlike 4.0,XC426026 - Greater Antillean Bullfinch - Loxigilla violacea.mp3,/426026/download
30,Greater Antillean Bullfinch (Loxigilla violacea ruficollis),0:27,Richard C. Hoyer,2010-04-13,07:13,Jamaica,"Drapers, Portland",30,"call, song",[sono],ABCDE,XC48122,Creative Commons Attribution-NonCommercial-NoDerivs 2.5,XC48122 - Greater Antillean Bullfinch - Loxigilla violacea ruficollis.mp3,/48122/download
31,Greater Antillean Bullfinch (Loxigilla violacea ruficollis),0:14,Jacob C. Cooper,2013-01-11,13:00,Jamaica,Westmoreland Parish,500,song,"A male Loxigilla violacea ruficollis in the company of at least one female in wet limestone forest. The birds were foraging at close range with the male aggressively singing. Recording made with an iPhone.
bird-seen:yes
playback-used:yes
 [sono]",ABCDE,XC119794,Creative Commons Attribution-NonCommercial-ShareAlike 3.0,XC119794 - Greater Antillean Bullfinch - Loxigilla violacea ruficollis.mp3,/119794/download
32,Greater Antillean Elaenia (Elaenia fallax),0:49,Garrett MacDonald,2013-05-05,06:41,Jamaica,"Blue Mountains National Park, Portland Parish",1200,"call, song","Bird heard singing, was drawn in with playback, and continued at a much closer distance. 
bird-seen:yes
playback-used:yes
  [also]
[sono]",ABCDE,XC133043,Creative Commons Attribution-NonCommercial-ShareAlike 3.0,XC133043 - Greater Antillean Elaenia - Elaenia fallax.mp3,/133043/download
33,Greater Antillean Grackle (Quiscalus niger),0:26,Bobby Wilcox,2022-01-27,12:00,Jamaica,"Green Castle Estate House, Robins Bay, Saint Mary Parish",120,"adult, call, male","About 15m away manicured garden. 
bird-seen:yes
playback-used:no
 [sono]",ABCDE,XC713812,Creative Commons Attribution-NonCommercial-ShareAlike 4.0,XC713812 - Greater Antillean Grackle - Quiscalus niger.mp3,/713812/download
34,Greater Antillean Grackle (Quiscalus niger),0:02,Ross Gallardy,2016-03-11,07:00,Dominican Republic,"Las Galeras, Samaná",-2270,flight call,"calls from birds flying over at dawn
bird-seen:yes
playback-used:no
 Recording (not its ID) has been discussed. See the forum.[sono]",ABCDE,XC308446,Creative Commons Attribution-NonCommercial-ShareAlike 4.0,XC308446 - Greater Antillean Grackle - Quiscalus niger.mp3,/308446/download
35,Greater Antillean Grackle (Quiscalus niger),0:04,Ross Gallardy,2016-03-11,07:00,Jamaica,"Wiltshire, Saint James Parish",280,flight call,"calls from birds flying over at dawn
bird-seen:yes
playback-used:no
 [sono]",ABCDE,XC308445,Creative Commons Attribution-NonCommercial-ShareAlike 4.0,XC308445 - Greater Antillean Grackle - Quiscalus niger.mp3,/308445/download
36,Greater Antillean Grackle (Quiscalus niger),0:35,Nick Komar,2015-01-14,07:00,Jamaica,"Green Castle Estate House, Robins Bay, Saint Mary Parish",120,song,"These 3 different vocalizations are coming from 3 different grackles, all from elevated perches from managed garden landscape around the villa.
bird-seen:yes
playback-used:no
  [also]
[sono]",ABCDE,XC211312,Creative Commons Attribution-NonCommercial-ShareAlike 4.0,XC211312 - Greater Antillean Grackle - Quiscalus niger.mp3,/211312/download
37,Greater Antillean Grackle (Quiscalus niger crassirostris),0:32,Richard C. Hoyer,2010-04-11,16:41,Jamaica,"Drapers, Portland",30,song,[sono],ABCDE,XC48123,Creative Commons Attribution-NonCommercial-NoDerivs 2.5,XC48123 - Greater Antillean Grackle - Quiscalus niger crassirostris.mp3,/48123/download
38,Grey Kingbird (Tyrannus dominicensis),0:14,Richard C. Hoyer,2010-04-12,17:42,Jamaica,"Drapers, Portland",30,call,[sono],ABCDE,XC48121,Creative Commons Attribution-NonCommercial-NoDerivs 2.5,XC48121 - Grey Kingbird - Tyrannus dominicensis.mp3,/48121/download
39,Grey Kingbird (Tyrannus dominicensis),0:32,Gwyneth,2013-05-18,03:30,Jamaica,"Kingston, Saint Andrew Parish",70,flight call,"Nightly ocurring about from 2AM to an hour before dawn
 Originally a mystery recording. See the forum.[sono]",ABCDE,XC134261,Creative Commons Attribution-NonCommercial-ShareAlike 3.0,XC134261 - Grey Kingbird - Tyrannus dominicensis.mp3,/134261/download
40,(?) Identity unknown,0:31,Omari Stines,2020-05-06,05:00,Jamaica,"Kingston, St. Andrew Parish",180,"life stage uncertain, sex uncertain, song","Have been waking up to this bird for years now and still am unable to identify it. I call her ""Singy Singy"". She is usually the first bird to sing every morning around 5am. She sings for about 15 minutes until the rest of the birds start singing then she stops. Until recently I only used to hear her in the morning. But since the covid quarantine, I sometimes hear her for about 15 minutes right around sunset. Very curious to know what type of bird sings this beautiful song that brings me so much tranquility in the morning.
bird-seen:no
playback-used:no
 Mystery recording. See the forum.[sono]",ABCDE,XC554681,Creative Commons Attribution-NonCommercial-ShareAlike 4.0,XC554681 - Identity unknown.mp3,/554681/download
41,Jamaican Becard (Pachyramphus niger),0:11,Nick Komar,2018-07-13,07:30,Jamaica,"Ecclesdown Road, Portland Parish",140,call,"Recording filtered and normalized.
playback-used:no
 [sono]",ABCDE,XC426050,Creative Commons Attribution-NonCommercial-ShareAlike 4.0,XC426050 - Jamaican Becard - Pachyramphus niger.mp3,/426050/download
42,Jamaican Becard (Pachyramphus niger),0:20,Ross Gallardy,2016-03-11,08:30,Jamaica,"Wiltshire, Saint James Parish",280,song,"bird-seen:yes
playback-used:no
 [sono]",ABCDE,XC308456,Creative Commons Attribution-NonCommercial-ShareAlike 4.0,XC308456 - Jamaican Becard - Pachyramphus niger.mp3,/308456/download
43,Jamaican Becard (Pachyramphus niger),0:13,Ross Gallardy,2016-03-11,08:30,Jamaica,"Wiltshire, Saint James Parish",280,song,"bird-seen:yes
playback-used:no
 [sono]",ABCDE,XC308455,Creative Commons Attribution-NonCommercial-ShareAlike 4.0,XC308455 - Jamaican Becard - Pachyramphus niger.mp3,/308455/download
44,Jamaican Becard (Pachyramphus niger),0:04,Ross Gallardy,2016-03-11,08:30,Jamaica,"Wiltshire, Saint James Parish",280,call,"bird-seen:yes
playback-used:no
 [sono]",ABCDE,XC308454,Creative Commons Attribution-NonCommercial-ShareAlike 4.0,XC308454 - Jamaican Becard - Pachyramphus niger.mp3,/308454/download
45,Jamaican Becard (Pachyramphus niger),0:06,Ross Gallardy,2016-03-09,14:30,Jamaica,Ecclesdown Rd,300,song,"bird-seen:yes
playback-used:yes
 [sono]",ABCDE,XC308428,Creative Commons Attribution-NonCommercial-ShareAlike 4.0,XC308428 - Jamaican Becard - Pachyramphus niger.mp3,/308428/download
46,Jamaican Becard (Pachyramphus niger),0:10,Ross Gallardy,2016-03-09,14:30,Jamaica,Ecclesdown Rd,300,"call, song","bird-seen:yes
playback-used:yes
 [sono]",ABCDE,XC308427,Creative Commons Attribution-NonCommercial-ShareAlike 4.0,XC308427 - Jamaican Becard - Pachyramphus niger.mp3,/308427/download
47,Jamaican Becard (Pachyramphus niger),0:06,Nick Komar,2018-07-13,08:00,Jamaica,"Ecclesdown Road, Portland Parish",140,song,"Recording filtered and normalized.
playback-used:no
 [sono]",ABCDE,XC426029,Creative Commons Attribution-NonCommercial-ShareAlike 4.0,XC426029 - Jamaican Becard - Pachyramphus niger.mp3,/426029/download
48,Jamaican Becard (Pachyramphus niger),0:04,Nick Komar,2018-07-13,07:30,Jamaica,"Ecclesdown Road, Portland Parish",140,song,"Recording filtered and normalized.
bird-seen:yes
playback-used:no
 [sono]",ABCDE,XC426028,Creative Commons Attribution-NonCommercial-ShareAlike 4.0,XC426028 - Jamaican Becard - Pachyramphus niger.mp3,/426028/download
49,Jamaican Becard (Pachyramphus niger),0:22,Richard C. Hoyer,2010-04-15,06:51,Jamaica,"Mandeville, Manchester",650,call,[sono],ABCDE,XC48124,Creative Commons Attribution-NonCommercial-NoDerivs 2.5,XC48124 - Jamaican Becard - Pachyramphus niger.mp3,/48124/download
50,Jamaican Blackbird (Nesopsar nigerrimus),0:06,George Wagner,2018-02-14,10:30,Jamaica,"Woodside Track, Hardwar Gap, St. Andrew Parish",1200,song,"bird-seen:yes
playback-used:no
 [sono]",ABCDE,XC438063,Creative Commons Attribution-NonCommercial-ShareAlike 4.0,XC438063 - Jamaican Blackbird - Nesopsar nigerrimus.mp3,/438063/download
51,Jamaican Blackbird (Nesopsar nigerrimus),0:36,Ross Gallardy,2016-03-10,14:00,Jamaica,Ecclesdown Rd,300,call,"bird-seen:yes
playback-used:no
  [also]
[sono]",ABCDE,XC308443,Creative Commons Attribution-NonCommercial-ShareAlike 4.0,XC308443 - Jamaican Blackbird - Nesopsar nigerrimus.mp3,/308443/download
52,Jamaican Blackbird (Nesopsar nigerrimus),0:07,Ross Gallardy,2016-03-09,09:30,Jamaica,"Blue Mountains National Park, Portland Parish",1200,call,"high pitched call given while feeding among bromeliads
bird-seen:yes
playback-used:no
 [sono]",ABCDE,XC308419,Creative Commons Attribution-NonCommercial-ShareAlike 4.0,XC308419 - Jamaican Blackbird - Nesopsar nigerrimus.mp3,/308419/download
53,Jamaican Blackbird (Nesopsar nigerrimus),1:09,Ross Gallardy,2016-03-09,09:30,Jamaica,"Blue Mountains National Park, Portland Parish",1200,call,"high pitched call given while feeding among bromeliads
bird-seen:yes
playback-used:no
 [sono]",ABCDE,XC308418,Creative Commons Attribution-NonCommercial-ShareAlike 4.0,XC308418 - Jamaican Blackbird - Nesopsar nigerrimus.mp3,/308418/download
54,Jamaican Blackbird (Nesopsar nigerrimus),0:35,Richard C. Hoyer,2012-04-02,7:15,Jamaica,"Ecclesdown, Portland",210,antiphonal duet and calls,"Natural song. Intervals deleted. The sharp, fast st-st-st after each duet and at the very end are call notes of this species as well.
  [also]
[sono]",ABCDE,XC97903,Creative Commons Attribution-NonCommercial-NoDerivs 2.5,XC97903 - Jamaican Blackbird - Nesopsar nigerrimus.mp3,/97903/download
55,Jamaican Blackbird (Nesopsar nigerrimus),0:02,Richard C. Hoyer,2010-04-12,08:45,Jamaica,"Ecclesdown, Portland",220,call,[sono],ABCDE,XC48125,Creative Commons Attribution-NonCommercial-NoDerivs 2.5,XC48125 - Jamaican Blackbird - Nesopsar nigerrimus.mp3,/48125/download
56,Jamaican Crow (Corvus jamaicensis),0:23,Ross Gallardy,2016-03-11,08:30,Jamaica,"Wiltshire, Saint James Parish",280,call,"bird-seen:yes
playback-used:no
 [sono]",ABCDE,XC308459,Creative Commons Attribution-NonCommercial-ShareAlike 4.0,XC308459 - Jamaican Crow - Corvus jamaicensis.mp3,/308459/download
57,Jamaican Crow (Corvus jamaicensis),0:25,Ross Gallardy,2016-03-09,16:30,Jamaica,Ecclesdown Rd,300,call,"bird-seen:yes
playback-used:no
 [sono]",ABCDE,XC308439,Creative Commons Attribution-NonCommercial-ShareAlike 4.0,XC308439 - Jamaican Crow - Corvus jamaicensis.mp3,/308439/download
58,Jamaican Crow (Corvus jamaicensis),0:04,Ross Gallardy,2016-03-09,16:30,Jamaica,Ecclesdown Rd,300,call,"bird-seen:yes
playback-used:no
 [sono]",ABCDE,XC308438,Creative Commons Attribution-NonCommercial-ShareAlike 4.0,XC308438 - Jamaican Crow - Corvus jamaicensis.mp3,/308438/download
59,Jamaican Crow (Corvus jamaicensis),0:25,Adam Kent,2015-07-30,06:34,Jamaica,"Castleton Gardens, Saint Mary Parish",150,call,"3-4 crows about 20-50' high in palms and deciduous trees at forest/garden edge.  Social context of sounds unclear.
bird-seen:yes
playback-used:no
  [also]
[sono]",ABCDE,XC265070,Creative Commons Attribution-NonCommercial-ShareAlike 4.0,XC265070 - Jamaican Crow - Corvus jamaicensis.mp3,/265070/download
60,Jamaican Crow (Corvus jamaicensis),0:27,Nathan Hentze,2014-02-09,15:00,Jamaica,"Burnt Hil, Trelawny",500,call,"Two crows perched in tree behind first row of trees beside road without any vehicle traffic. Eventually were seen as they flew off. Natural spacing of calls. Both ""caw"" calls and ""turkey gobbles"".  Same birds as in XC263766
bird-seen:yes
playback-used:no
 [sono]",ABCDE,XC263768,Creative Commons Attribution-NonCommercial-ShareAlike 4.0,XC263768 - Jamaican Crow - Corvus jamaicensis.mp3,/263768/download
61,Jamaican Crow (Corvus jamaicensis),0:53,Barry Edmonston,2017-03-16,09:00,Jamaica,Portland Parish,220,call,"bird-seen:yes
playback-used:no
 [sono]",ABCDE,XC379744,Creative Commons Attribution-NonCommercial-ShareAlike 4.0,XC379744 - Jamaican Crow - Corvus jamaicensis.mp3,/379744/download
62,Jamaican Crow (Corvus jamaicensis),1:01,Nathan Hentze,2014-02-09,15:00,Jamaica,"Burnt Hil, Trelawny",500,call,"Crows perched in tree behind first row of trees beside road without any vehicle traffic. Eventually were seen as they flew off. Natural spacing of calls. 
bird-seen:yes
playback-used:no
 [sono]",ABCDE,XC263766,Creative Commons Attribution-NonCommercial-ShareAlike 4.0,XC263766 - Jamaican Crow - Corvus jamaicensis.mp3,/263766/download
63,Jamaican Crow (Corvus jamaicensis),1:31,Nick Komar,2015-01-17,07:00,Jamaica,"Green Castle Estate House, Robins Bay, Saint Mary Parish",120,call,"bird-seen:yes
playback-used:no
  [also]
[sono]",ABCDE,XC211346,Creative Commons Attribution-NonCommercial-ShareAlike 4.0,XC211346 - Jamaican Crow - Corvus jamaicensis.mp3,/211346/download
64,Jamaican Elaenia (Myiopagis cotta),0:11,Andrew Spencer,2016-03-16,06:30,Jamaica,"Silver Hill Gap, St. Andrew",1100,call,"natural vocalization; calls from a bird foraging near a light at the edge of a clearing in disturbed montane forest, not long after dawn.
bird-seen:yes
playback-used:no
 [sono]",ABCDE,XC311805,Creative Commons Attribution-NonCommercial-NoDerivs 4.0,XC311805 - Jamaican Elaenia - Myiopagis cotta.mp3,/311805/download
65,Jamaican Euphonia (Euphonia jamaica),0:13,Kiirsti,2017-02-05,07:30,Jamaica,"Font Hill Beach Park, St. Elizabeth Parish",10,"male, song","Male singing in logwood-dominant, dry scrub habitat. Some traffic noise in background.
bird-seen:yes
playback-used:no
 [sono]",ABCDE,XC362787,Creative Commons Attribution-NonCommercial-ShareAlike 4.0,XC362787 - Jamaican Euphonia - Euphonia jamaica.mp3,/362787/download
66,Jamaican Euphonia (Euphonia jamaica),0:18,Nick Komar,2015-01-15,09:00,Jamaica,"Ecclesdown Road, Portland Parish",150,song,"Secondary forest near road.
bird-seen:no
playback-used:no
 [sono]",ABCDE,XC211320,Creative Commons Attribution-NonCommercial-ShareAlike 4.0,XC211320 - Jamaican Euphonia - Euphonia jamaica.mp3,/211320/download
67,Jamaican Euphonia (Euphonia jamaica),0:15,Nick Komar,2015-01-15,09:00,Jamaica,"Ecclesdown Road, Portland Parish",150,song,"Secondary forest near road.
bird-seen:no
playback-used:no
 [sono]",ABCDE,XC211319,Creative Commons Attribution-NonCommercial-ShareAlike 4.0,XC211319 - Jamaican Euphonia - Euphonia jamaica.mp3,/211319/download
68,Jamaican Euphonia (Euphonia jamaica),0:43,Richard C. Hoyer,2010-04-11,14:40,Jamaica,"Silver Hill Gap, St. Andrew",1050,call,[sono],ABCDE,XC48126,Creative Commons Attribution-NonCommercial-NoDerivs 2.5,XC48126 - Jamaican Euphonia - Euphonia jamaica.mp3,/48126/download
69,Jamaican Euphonia (Euphonia jamaica),0:26,Nick Komar,2015-01-16,10:30,Jamaica,"Green Castle Estate, Robins Bay, Saint Mary Parish",70,"call, male","bird-seen:yes
playback-used:no
 [sono]",ABCDE,XC211343,Creative Commons Attribution-NonCommercial-ShareAlike 4.0,XC211343 - Jamaican Euphonia - Euphonia jamaica.mp3,/211343/download
70,Jamaican Lizard Cuckoo (Coccyzus vetula),0:11,Andrew Spencer,2016-03-16,08:30,Jamaica,"Silver Hill Gap, St. Andrew",1100,call,"natural vocalization; call from a bird moving at mid-height through tall, humid montane forest.
bird-seen:yes
playback-used:no
 [sono]",ABCDE,XC311806,Creative Commons Attribution-NonCommercial-NoDerivs 4.0,XC311806 - Jamaican Lizard Cuckoo - Coccyzus vetula.mp3,/311806/download
71,Jamaican Mango (Anthracothorax mango),0:04,Nick Komar,2018-07-13,07:30,Jamaica,"Ecclesdown Road, Portland Parish",140,flight call,"Recording filtered and normalized.
bird-seen:yes
playback-used:no
 [sono]",ABCDE,XC426031,Creative Commons Attribution-NonCommercial-ShareAlike 4.0,XC426031 - Jamaican Mango - Anthracothorax mango.mp3,/426031/download
72,Jamaican Oriole (Icterus leucopteryx),0:05,Nick Komar,2018-07-13,08:15,Jamaica,"Ecclesdown Road, Portland Parish",140,song,"Recording filtered and normalized.
playback-used:no
 [sono]",ABCDE,XC426033,Creative Commons Attribution-NonCommercial-ShareAlike 4.0,XC426033 - Jamaican Oriole - Icterus leucopteryx.mp3,/426033/download
73,Jamaican Oriole (Icterus leucopteryx),0:03,Ross Gallardy,2016-03-10,14:00,Jamaica,Ecclesdown Rd,300,song,"bird-seen:yes
playback-used:no
 [sono]",ABCDE,XC308442,Creative Commons Attribution-NonCommercial-ShareAlike 4.0,XC308442 - Jamaican Oriole - Icterus leucopteryx.mp3,/308442/download
74,Jamaican Oriole (Icterus leucopteryx),0:21,Nick Komar,2015-01-15,10:30,Jamaica,"Ecclesdown Road, Portland Parish",260,song,"Songs were given by two orioles frolicking in canopy of second-growth forest along road, beginning after 15 seconds. Loud call notes early in the recording are from White-chinned Thrush.
bird-seen:yes
playback-used:no
  [also]
[sono]",ABCDE,XC211329,Creative Commons Attribution-NonCommercial-ShareAlike 4.0,XC211329 - Jamaican Oriole - Icterus leucopteryx.mp3,/211329/download
75,Jamaican Oriole (Icterus leucopteryx),0:09,Nick Komar,2018-07-13,08:20,Jamaica,"Ecclesdown Road, Portland Parish",140,song,"Recording filtered and normalized.
playback-used:no
  [also]
[sono]",ABCDE,XC426035,Creative Commons Attribution-NonCommercial-ShareAlike 4.0,XC426035 - Jamaican Oriole - Icterus leucopteryx.mp3,/426035/download
76,Jamaican Oriole (Icterus leucopteryx leucopteryx),0:03,Richard C. Hoyer,2010-04-12,09:32,Jamaica,"Ecclesdown, Portland",220,song,[sono],ABCDE,XC48127,Creative Commons Attribution-NonCommercial-NoDerivs 2.5,XC48127 - Jamaican Oriole - Icterus leucopteryx leucopteryx.mp3,/48127/download
77,Jamaican Owl (Pseudoscops grammicus),0:34,Bobby Wilcox,2022-01-24,17:00,Jamaica,"Green Castle Estate House, Robins Bay, Saint Mary Parish",120,"adult, call, sex uncertain, song","About 10m away in canopy of forest.
bird-seen:yes
playback-used:yes
 [sono]",ABCDE,XC699020,Creative Commons Attribution-NonCommercial-ShareAlike 4.0,XC699020 - Jamaican Owl - Pseudoscops grammicus.mp3,/699020/download
78,Jamaican Owl (Pseudoscops grammicus),1:22,George Wagner,2018-02-17,06:00,Jamaica,"Port Antonio, Portland Parish",30,song,"bird-seen:yes
playback-used:yes
 [sono]",ABCDE,XC438067,Creative Commons Attribution-NonCommercial-ShareAlike 4.0,XC438067 - Jamaican Owl - Pseudoscops grammicus.mp3,/438067/download
79,Jamaican Owl (Pseudoscops grammicus),1:14,Nathan Hentze,2014-02-05,18:41,Jamaica,"Marshalls Pen, Mandeville",650,begging call,"Juvenile begging from lower canopy of large tree. Adult periodically, and silently, returning with food (not during this recording), bringing in lizards and frogs. Juvenile capable of flight, though still very downy overall. 
bird-seen:yes
playback-used:no
 [sono]",ABCDE,XC170570,Creative Commons Attribution-NonCommercial-ShareAlike 3.0,XC170570 - Jamaican Owl - Pseudoscops grammicus.mp3,/170570/download
80,Jamaican Owl (Pseudoscops grammicus),0:39,Nick Komar,2015-01-14,19:20,Jamaica,"Green Castle Estate House, Robins Bay, Saint Mary Parish",120,call,"These vocalizations are coming from 2 different owls from the direction of dense forest.
bird-seen:no
playback-used:no
  [also]
[sono]",ABCDE,XC211315,Creative Commons Attribution-NonCommercial-ShareAlike 4.0,XC211315 - Jamaican Owl - Pseudoscops grammicus.mp3,/211315/download
81,Jamaican Pewee (Contopus pallidus),0:20,Nick Komar,2018-07-13,12:20,Jamaica,"Ecclesdown Road, Portland Parish",140,song,"Recording filtered and normalized.
bird-seen:no
playback-used:no
 [sono]",ABCDE,XC426036,Creative Commons Attribution-NonCommercial-ShareAlike 4.0,XC426036 - Jamaican Pewee - Contopus pallidus.mp3,/426036/download
82,Jamaican Pewee (Contopus pallidus),0:24,Nathan Hentze,2014-02-09,15:00,Jamaica,"Burnt Hil, Trelawny",500,call,"Sound amplified and noise <300 Hz filtered out. 
bird-seen:yes
playback-used:no
 [sono]",ABCDE,XC264339,Creative Commons Attribution-NonCommercial-ShareAlike 4.0,XC264339 - Jamaican Pewee - Contopus pallidus.mp3,/264339/download
83,Jamaican Pewee (Contopus pallidus),0:00,Nick Komar,2015-01-13,11:00,Jamaica,"Blue Mountains National Park, Woodside, Hardwar Gap, Saint Andrew Parish",1500,song,"Singing spontaneously from exposed perch within 15 feet above road in rainforest near coffee plantation. GPS coordinates are approximate.
bird-seen:yes
playback-used:no
 [sono]",ABCDE,XC211309,Creative Commons Attribution-NonCommercial-ShareAlike 4.0,XC211309 - Jamaican Pewee - Contopus pallidus.mp3,/211309/download
84,Jamaican Pewee (Contopus pallidus),0:01,Nick Komar,2015-01-13,11:00,Jamaica,"Blue Mountains National Park, Woodside, Hardwar Gap, Saint Andrew Parish",1500,song,"Singing spontaneously from exposed perch within 15 feet above road in rainforest near coffee plantation. GPS coordinates are approximate.
bird-seen:yes
playback-used:no
 [sono]",ABCDE,XC211308,Creative Commons Attribution-NonCommercial-ShareAlike 4.0,XC211308 - Jamaican Pewee - Contopus pallidus.mp3,/211308/download
85,Jamaican Spindalis (Spindalis nigricephala),0:31,Richard C. Hoyer,2010-04-12,17:37,Jamaica,"Drapers, Portland",30,call,[sono],ABCDE,XC48128,Creative Commons Attribution-NonCommercial-NoDerivs 2.5,XC48128 - Jamaican Spindalis - Spindalis nigricephala.mp3,/48128/download
86,Jamaican Tody (Todus todus),0:30,George Wagner,2018-02-16,10:30,Jamaica,Ecclesdown Rd,300,song,"bird-seen:yes
playback-used:no
 [sono]",ABCDE,XC438065,Creative Commons Attribution-NonCommercial-ShareAlike 4.0,XC438065 - Jamaican Tody - Todus todus.mp3,/438065/download
87,Jamaican Tody (Todus todus),0:14,Ross Gallardy,2016-03-11,08:30,Jamaica,"Wiltshire, Saint James Parish",280,song,"bird-seen:yes
playback-used:no
 [sono]",ABCDE,XC308460,Creative Commons Attribution-NonCommercial-ShareAlike 4.0,XC308460 - Jamaican Tody - Todus todus.mp3,/308460/download
88,Jamaican Tody (Todus todus),0:21,Ross Gallardy,2016-03-09,16:30,Jamaica,Ecclesdown Rd,300,song,"bird-seen:yes
playback-used:no
 [sono]",ABCDE,XC308435,Creative Commons Attribution-NonCommercial-ShareAlike 4.0,XC308435 - Jamaican Tody - Todus todus.mp3,/308435/download
89,Jamaican Tody (Todus todus),0:09,Richard C. Hoyer,2010-04-16,09:47,Jamaica,"Burnt Hil, Trelawny",550,call,[sono],ABCDE,XC48129,Creative Commons Attribution-NonCommercial-NoDerivs 2.5,XC48129 - Jamaican Tody - Todus todus.mp3,/48129/download
90,Jamaican Tody (Todus todus),0:36,Nick Komar,2015-01-16,10:00,Jamaica,"Green Castle Estate, Robins Bay, Saint Mary Parish",70,call,"bird-seen:no
playback-used:no
  [also]
[sono]",ABCDE,XC211339,Creative Commons Attribution-NonCommercial-ShareAlike 4.0,XC211339 - Jamaican Tody - Todus todus.mp3,/211339/download
91,Jamaican Vireo (Vireo modestus),0:30,Bobby Wilcox,2022-01-27,14:00,Jamaica,"Green Castle Estate House, Robins Bay, Saint Mary Parish",120,"male, song","About 15m away in rainforest.
bird-seen:yes
playback-used:no
 [sono]",ABCDE,XC713809,Creative Commons Attribution-NonCommercial-ShareAlike 4.0,XC713809 - Jamaican Vireo - Vireo modestus.mp3,/713809/download
92,Jamaican Vireo (Vireo modestus),0:41,George Wagner,2018-02-16,13:00,Jamaica,Ecclesdown Rd,300,song,"bird-seen:yes
playback-used:no
 [sono]",ABCDE,XC438066,Creative Commons Attribution-NonCommercial-ShareAlike 4.0,XC438066 - Jamaican Vireo - Vireo modestus.mp3,/438066/download
93,Jamaican Vireo (Vireo modestus),0:44,Ross Gallardy,2016-03-09,14:00,Jamaica,Ecclesdown Rd,300,song,"bird-seen:yes
playback-used:no
 [sono]",ABCDE,XC308426,Creative Commons Attribution-NonCommercial-ShareAlike 4.0,XC308426 - Jamaican Vireo - Vireo modestus.mp3,/308426/download
94,Jamaican Vireo (Vireo modestus),0:26,Ross Gallardy,2016-03-09,14:00,Jamaica,Ecclesdown Rd,300,song,"bird-seen:yes
playback-used:no
 [sono]",ABCDE,XC308425,Creative Commons Attribution-NonCommercial-ShareAlike 4.0,XC308425 - Jamaican Vireo - Vireo modestus.mp3,/308425/download
95,Jamaican Vireo (Vireo modestus),0:11,Ross Gallardy,2016-03-09,14:00,Jamaica,Ecclesdown Rd,300,call,"bird-seen:yes
playback-used:no
 [sono]",ABCDE,XC308424,Creative Commons Attribution-NonCommercial-ShareAlike 4.0,XC308424 - Jamaican Vireo - Vireo modestus.mp3,/308424/download
96,Jamaican Vireo (Vireo modestus),0:45,Nick Komar,2015-01-16,09:30,Jamaica,"Green Castle Estate, Robins Bay, Saint Mary Parish",70,song,"bird-seen:no
playback-used:no
  [also]
[sono]",ABCDE,XC211337,Creative Commons Attribution-NonCommercial-ShareAlike 4.0,XC211337 - Jamaican Vireo - Vireo modestus.mp3,/211337/download
97,Jamaican Vireo (Vireo modestus),0:05,Richard C. Hoyer,2010-04-14,05:57,Jamaica,"Silver Hill Gap, St. Andrew",1050,song,[sono],ABCDE,XC48134,Creative Commons Attribution-NonCommercial-NoDerivs 2.5,XC48134 - Jamaican Vireo - Vireo modestus.mp3,/48134/download
98,Jamaican Vireo (Vireo modestus),0:15,Richard C. Hoyer,2010-04-16,08:00,Jamaica,"Burnt Hil, Trelawny",550,song,[sono],ABCDE,XC48133,Creative Commons Attribution-NonCommercial-NoDerivs 2.5,XC48133 - Jamaican Vireo - Vireo modestus.mp3,/48133/download
99,Jamaican Vireo (Vireo modestus),0:09,Richard C. Hoyer,2010-04-16,07:57,Jamaica,"Burnt Hil, Trelawny",550,song,[sono],ABCDE,XC48132,Creative Commons Attribution-NonCommercial-NoDerivs 2.5,XC48132 - Jamaican Vireo - Vireo modestus.mp3,/48132/download
100,Jamaican Vireo (Vireo modestus),0:29,Richard C. Hoyer,2010-04-14,05:53,Jamaica,"Silver Hill Gap, St. Andrew",1050,song,[sono],ABCDE,XC48131,Creative Commons Attribution-NonCommercial-NoDerivs 2.5,XC48131 - Jamaican Vireo - Vireo modestus.mp3,/48131/download
101,Jamaican Vireo (Vireo modestus),0:14,Richard C. Hoyer,2010-04-11,12:37,Jamaica,"Ecclesdown, Portland",220,song,[sono],ABCDE,XC48130,Creative Commons Attribution-NonCommercial-NoDerivs 2.5,XC48130 - Jamaican Vireo - Vireo modestus.mp3,/48130/download
102,Jamaican Vireo (Vireo modestus),0:19,Kiirsti,2016-03-07,04:30,Jamaica,"Font Hill Beach Park, St. Elizabeth Parish",10,song,"I believe these are two territorial males, one making the trill and the other making the 'car-alarm' call in the background.
bird-seen:yes
playback-used:no
 Recording (not its ID) has been discussed. See the forum.[sono]",ABCDE,XC335046,Creative Commons Attribution-NonCommercial-ShareAlike 4.0,XC335046 - Jamaican Vireo - Vireo modestus.mp3,/335046/download
103,Jamaican Vireo (Vireo modestus),0:29,Nick Komar,2015-01-16,10:00,Jamaica,"Green Castle Estate, Robins Bay, Saint Mary Parish",70,song,"bird-seen:no
playback-used:no
  [also]
[sono]",ABCDE,XC211340,Creative Commons Attribution-NonCommercial-ShareAlike 4.0,XC211340 - Jamaican Vireo - Vireo modestus.mp3,/211340/download
104,Jamaican Vireo (Vireo modestus),0:14,Nick Komar,2015-01-12,15:00,Jamaica,"Green Castle Estate, Robins Bay, Saint Mary Parish",20,song,"This bird was singing spontaneously from mid canopy of small trees in secondary forest.
bird-seen:no
playback-used:no
 [sono]",ABCDE,XC211307,Creative Commons Attribution-NonCommercial-ShareAlike 4.0,XC211307 - Jamaican Vireo - Vireo modestus.mp3,/211307/download
105,Jamaican Vireo (Vireo modestus),0:41,Bobby Wilcox,2022-01-24,11:00,Jamaica,"Green Castle Estate House, Robins Bay, Saint Mary Parish",120,song,"About 20m away in rainforest.
bird-seen:no
playback-used:no
 [sono]",ABCDE,XC713790,Creative Commons Attribution-NonCommercial-ShareAlike 4.0,XC713790 - Jamaican Vireo - Vireo modestus.mp3,/713790/download
106,Jamaican Vireo (Vireo modestus),0:38,Nathan Hentze,2014-02-04,09:25,Jamaica,"Windsor Research Station, Trelawny Parish",160,song,"Unseen bird singing from the canopy along the Troy trail. Second bird counter-singing. Sennheiser ME66/K6 and Sony PCM-M10.
bird-seen:no
playback-used:no
  [also]
[sono]",ABCDE,XC169913,Creative Commons Attribution-NonCommercial-ShareAlike 3.0,XC169913 - Jamaican Vireo - Vireo modestus.mp3,/169913/download
107,Jamaican Woodpecker (Melanerpes radiolatus),0:09,Nick Komar,2018-07-13,08:00,Jamaica,"Ecclesdown Road, Portland Parish",140,call,"Recording filtered and normalized.
bird-seen:no
playback-used:no
 [sono]",ABCDE,XC426037,Creative Commons Attribution-NonCommercial-ShareAlike 4.0,XC426037 - Jamaican Woodpecker - Melanerpes radiolatus.mp3,/426037/download
108,Jamaican Woodpecker (Melanerpes radiolatus),0:05,Kiirsti,2017-02-22,08:30,Jamaica,"Fonthill Beach (near  Font Hill), St. Elizabeth Parish",0,drumming,"bird-seen:yes
playback-used:no
 [sono]",ABCDE,XC362784,Creative Commons Attribution-NonCommercial-ShareAlike 4.0,XC362784 - Jamaican Woodpecker - Melanerpes radiolatus.mp3,/362784/download
109,Jamaican Woodpecker (Melanerpes radiolatus),0:52,Ross Gallardy,2016-03-09,16:30,Jamaica,Ecclesdown Rd,300,call,"bird-seen:yes
playback-used:no
 [sono]",ABCDE,XC308433,Creative Commons Attribution-NonCommercial-ShareAlike 4.0,XC308433 - Jamaican Woodpecker - Melanerpes radiolatus.mp3,/308433/download
110,Jamaican Woodpecker (Melanerpes radiolatus),0:05,Ross Gallardy,2016-03-09,16:30,Jamaica,Ecclesdown Rd,300,call,"bird-seen:yes
playback-used:no
 [sono]",ABCDE,XC308432,Creative Commons Attribution-NonCommercial-ShareAlike 4.0,XC308432 - Jamaican Woodpecker - Melanerpes radiolatus.mp3,/308432/download
111,Loggerhead Kingbird (Tyrannus caudifasciatus),0:04,Nick Komar,2018-07-13,11:30,Jamaica,"Ecclesdown Road, Portland Parish",140,flight call,"Recording filtered and normalized.
playback-used:no
 [sono]",ABCDE,XC426042,Creative Commons Attribution-NonCommercial-ShareAlike 4.0,XC426042 - Loggerhead Kingbird - Tyrannus caudifasciatus.mp3,/426042/download
112,Loggerhead Kingbird (Tyrannus caudifasciatus),0:05,Nick Komar,2018-07-13,12:30,Jamaica,"Ecclesdown Road, Portland Parish",140,song,"Recording filtered and normalized.
bird-seen:no
playback-used:no
 [sono]",ABCDE,XC426040,Creative Commons Attribution-NonCommercial-ShareAlike 4.0,XC426040 - Loggerhead Kingbird - Tyrannus caudifasciatus.mp3,/426040/download
113,Loggerhead Kingbird (Tyrannus caudifasciatus jamaicensis),0:14,Richard C. Hoyer,2012-04-07,5:30,Jamaica,"Reading, Montego Bay",10,dawnsong,[sono],ABCDE,XC98293,Creative Commons Attribution-NonCommercial-NoDerivs 2.5,XC98293 - Loggerhead Kingbird - Tyrannus caudifasciatus jamaicensis.mp3,/98293/download
114,Loggerhead Kingbird (Tyrannus caudifasciatus jamaicensis),0:25,Richard C. Hoyer,2010-04-14,05:30,Jamaica,"Silver Hill Gap, St. Andrew",1050,dawn song,[sono],ABCDE,XC48135,Creative Commons Attribution-NonCommercial-NoDerivs 2.5,XC48135 - Loggerhead Kingbird - Tyrannus caudifasciatus jamaicensis.mp3,/48135/download
115,Mangrove Warbler (Setophaga petechia Golden (Petechia)),0:15,Kiirsti,2016-02-25,09:00,Jamaica,"Font Hill Beach Park, St. Elizabeth Parish",10,song,"Territorial males counter-singing in Black Mangrove habitat
bird-seen:yes
playback-used:no
 [sono]",ABCDE,XC335045,Creative Commons Attribution-NonCommercial-ShareAlike 4.0,XC335045 - Mangrove Warbler - Setophaga petechia Golden (Petechia).mp3,/335045/download
116,Mangrove Warbler (Setophaga petechia eoa),0:22,Richard C. Hoyer,2010-04-11,06:05,Jamaica,"Port Royal, St. Andrew",5,song,[sono],ABCDE,XC48142,Creative Commons Attribution-NonCommercial-NoDerivs 2.5,XC48142 - Mangrove Warbler - Setophaga petechia eoa.mp3,/48142/download
117,Mangrove Warbler (Setophaga petechia eoa),0:09,Richard C. Hoyer,2010-04-11,06:20,Jamaica,"Port Royal, St. Andrew",5,call,[sono],ABCDE,XC48141,Creative Commons Attribution-NonCommercial-NoDerivs 2.5,XC48141 - Mangrove Warbler - Setophaga petechia eoa.mp3,/48141/download
118,Northern Mockingbird (Mimus polyglottos),0:22,Kiirsti,2017-02-22,08:30,Jamaica,"Font Hill Beach Park, St. Elizabeth Parish",10,"male, song","Two males countersinging in logwood-dominant, dry scrub habitat.
bird-seen:yes
playback-used:no
  [also]
[sono]",ABCDE,XC362788,Creative Commons Attribution-NonCommercial-ShareAlike 4.0,XC362788 - Northern Mockingbird - Mimus polyglottos.mp3,/362788/download
119,Northern Mockingbird (Mimus polyglottos orpheus),0:41,Barry Edmonston,2017-03-16,08:30,Jamaica,"Port Antonio, Portland Parish",40,song,"bird-seen:yes
playback-used:no
 [sono]",ABCDE,XC379743,Creative Commons Attribution-NonCommercial-ShareAlike 4.0,XC379743 - Northern Mockingbird - Mimus polyglottos orpheus.mp3,/379743/download
120,Northern Parula (Setophaga americana),0:09,Nick Komar,2015-01-16,09:30,Jamaica,"Green Castle Estate, Robins Bay, Saint Mary Parish",70,song,"Singing from mid-canopy in secondary-growth forest.
bird-seen:no
playback-used:no
  [also]
[sono]",ABCDE,XC211335,Creative Commons Attribution-NonCommercial-ShareAlike 4.0,XC211335 - Northern Parula - Setophaga americana.mp3,/211335/download
121,Olive-throated Parakeet (Eupsittula nana),0:25,Ross Gallardy,2016-03-11,07:30,Jamaica,"Wiltshire, Saint James Parish",280,call,"bird-seen:yes
playback-used:no
 [sono]",ABCDE,XC308449,Creative Commons Attribution-NonCommercial-ShareAlike 4.0,XC308449 - Olive-throated Parakeet - Eupsittula nana.mp3,/308449/download
122,Olive-throated Parakeet (Eupsittula nana),0:13,Ross Gallardy,2016-03-11,08:00,Dominican Republic,"Las Galeras, Samaná",-2270,call,"bird-seen:yes
playback-used:no
 [sono]",ABCDE,XC308447,Creative Commons Attribution-NonCommercial-ShareAlike 4.0,XC308447 - Olive-throated Parakeet - Eupsittula nana.mp3,/308447/download
123,Olive-throated Parakeet (Eupsittula nana),0:02,Ross Gallardy,2016-03-11,07:30,Jamaica,"Wiltshire, Saint James Parish",280,call,"bird-seen:yes
playback-used:no
 [sono]",ABCDE,XC308448,Creative Commons Attribution-NonCommercial-ShareAlike 4.0,XC308448 - Olive-throated Parakeet - Eupsittula nana.mp3,/308448/download
124,Orangequit (Euneornis campestris),0:18,Nick Komar,2018-07-13,12:45,Jamaica,"Ecclesdown Road, Portland Parish",140,song,"Recording filtered
bird-seen:no
playback-used:no
 [sono]",ABCDE,XC426058,Creative Commons Attribution-NonCommercial-ShareAlike 4.0,XC426058 - Orangequit - Euneornis campestris.mp3,/426058/download
125,Orangequit (Euneornis campestris),0:29,Ross Gallardy,2016-03-09,16:30,Jamaica,Ecclesdown Rd,300,call,"bird-seen:yes
playback-used:no
 [sono]",ABCDE,XC308437,Creative Commons Attribution-NonCommercial-ShareAlike 4.0,XC308437 - Orangequit - Euneornis campestris.mp3,/308437/download
126,Orangequit (Euneornis campestris),0:30,Ross Gallardy,2016-03-09,16:30,Jamaica,Ecclesdown Rd,300,call,"bird-seen:yes
playback-used:no
 [sono]",ABCDE,XC308436,Creative Commons Attribution-NonCommercial-ShareAlike 4.0,XC308436 - Orangequit - Euneornis campestris.mp3,/308436/download
127,Orangequit (Euneornis campestris),0:10,Nick Komar,2015-01-16,10:50,Jamaica,"Green Castle Estate, Robins Bay, Saint Mary Parish",70,song,"bird-seen:yes
playback-used:no
 [sono]",ABCDE,XC211341,Creative Commons Attribution-NonCommercial-ShareAlike 4.0,XC211341 - Orangequit - Euneornis campestris.mp3,/211341/download
128,Orangequit (Euneornis campestris),0:15,Richard C. Hoyer,2010-04-14,08:55,Jamaica,"Silver Hill Gap, St. Andrew",1050,call,[sono],ABCDE,XC48136,Creative Commons Attribution-NonCommercial-NoDerivs 2.5,XC48136 - Orangequit - Euneornis campestris.mp3,/48136/download
129,Ovenbird (Seiurus aurocapilla),0:18,Ross Gallardy,2016-03-11,08:30,Jamaica,"Wiltshire, Saint James Parish",280,call,"bird-seen:yes
playback-used:no
  [also]
[sono]",ABCDE,XC308458,Creative Commons Attribution-NonCommercial-ShareAlike 4.0,XC308458 - Ovenbird - Seiurus aurocapilla.mp3,/308458/download
130,Plain Pigeon (Patagioenas inornata),0:07,Richard C. Hoyer,2010-04-16,08:56,Jamaica,"Burnt Hil, Trelawny",550,song,[sono],ABCDE,XC48137,Creative Commons Attribution-NonCommercial-NoDerivs 2.5,XC48137 - Plain Pigeon - Patagioenas inornata.mp3,/48137/download
131,Red-billed Streamertail (Trochilus polytmus),0:09,Bobby Wilcox,2022-01-24,11:00,Jamaica,"Green Castle Estate House, Robins Bay, Saint Mary Parish",120,"call, flight call","About 20m away in rainforest. Two males chasing each other.
bird-seen:yes
playback-used:no
 [sono]",ABCDE,XC713792,Creative Commons Attribution-NonCommercial-ShareAlike 4.0,XC713792 - Red-billed Streamertail - Trochilus polytmus.mp3,/713792/download
132,Red-billed Streamertail (Trochilus polytmus),0:10,Ross Gallardy,2016-03-11,08:30,Jamaica,"Wiltshire, Saint James Parish",280,"call, female","bird-seen:yes
playback-used:no
 [sono]",ABCDE,XC308453,Creative Commons Attribution-NonCommercial-ShareAlike 4.0,XC308453 - Red-billed Streamertail - Trochilus polytmus.mp3,/308453/download
133,Red-billed Streamertail (Trochilus polytmus),0:17,Ross Gallardy,2016-03-09,09:30,Jamaica,"Blue Mountains National Park, Portland Parish",1200,call,"bird-seen:yes
playback-used:no
 [sono]",ABCDE,XC308420,Creative Commons Attribution-NonCommercial-ShareAlike 4.0,XC308420 - Red-billed Streamertail - Trochilus polytmus.mp3,/308420/download
134,Red-billed Streamertail (Trochilus polytmus),0:55,Nick Komar,2015-01-18,07:00,Jamaica,"Green Castle Estate House, Robins Bay, Saint Mary Parish",120,"call, wing whir","Sounds were from two male Red-billed Streamertails.
bird-seen:yes
playback-used:no
  [also]
[sono]",ABCDE,XC211349,Creative Commons Attribution-NonCommercial-ShareAlike 4.0,XC211349 - Red-billed Streamertail - Trochilus polytmus.mp3,/211349/download
135,Ring-tailed Pigeon (Patagioenas caribaea),0:28,Andrew Spencer,2016-03-16,07:00,Jamaica,"Silver Hill Gap, St. Andrew",1100,song,"natural vocalization; songs from a bird perched high in tall, humid montane forest.
bird-seen:yes
playback-used:no
 [sono]",ABCDE,XC311802,Creative Commons Attribution-NonCommercial-NoDerivs 4.0,XC311802 - Ring-tailed Pigeon - Patagioenas caribaea.mp3,/311802/download
136,Ruddy Quail-Dove (Geotrygon montana),0:10,Richard C. Hoyer,2010-04-17,07:18,Jamaica,"Mandeville, Manchester",650,song,[sono],ABCDE,XC48138,Creative Commons Attribution-NonCommercial-NoDerivs 2.5,XC48138 - Ruddy Quail-Dove - Geotrygon montana.mp3,/48138/download
137,Rufous-tailed Flycatcher (Myiarchus validus),0:09,Ross Gallardy,2016-03-11,08:30,Jamaica,"Wiltshire, Saint James Parish",280,call,"bird-seen:yes
playback-used:yes
 [sono]",ABCDE,XC308461,Creative Commons Attribution-NonCommercial-ShareAlike 4.0,XC308461 - Rufous-tailed Flycatcher - Myiarchus validus.mp3,/308461/download
138,Rufous-tailed Flycatcher (Myiarchus validus),0:18,Nick Komar,2018-07-13,09:30,Jamaica,"Ecclesdown Road, Portland Parish",140,song,"Recording filtered and normalized.
bird-seen:no
playback-used:no
  [also]
[sono]",ABCDE,XC426052,Creative Commons Attribution-NonCommercial-ShareAlike 4.0,XC426052 - Rufous-tailed Flycatcher - Myiarchus validus.mp3,/426052/download
139,Rufous-throated Solitaire (Myadestes genibarbis solitarius),0:13,George Wagner,2018-02-19,10:30,Jamaica,"Woodside Track, Hardwar Gap, St. Andrew Parish",1200,call,"bird-seen:yes
playback-used:no
 Recording (not its ID) has been discussed. See the forum.[sono]",ABCDE,XC438064,Creative Commons Attribution-NonCommercial-ShareAlike 4.0,XC438064 - Rufous-throated Solitaire - Myadestes genibarbis solitarius.mp3,/438064/download
140,Rufous-throated Solitaire (Myadestes genibarbis solitarius),0:15,Adam Kent,2015-07-27,10:47,Jamaica,"Blue Mountains National Park, Portland Parish",1200,song,"bird-seen:yes
playback-used:no
 [sono]",ABCDE,XC265069,Creative Commons Attribution-NonCommercial-ShareAlike 4.0,XC265069 - Rufous-throated Solitaire - Myadestes genibarbis solitarius.mp3,/265069/download
141,Sad Flycatcher (Myiarchus barbirostris),0:18,Ross Gallardy,2016-03-09,14:00,Jamaica,Ecclesdown Rd,300,"call, song","bird-seen:yes
playback-used:yes
 [sono]",ABCDE,XC308423,Creative Commons Attribution-NonCommercial-ShareAlike 4.0,XC308423 - Sad Flycatcher - Myiarchus barbirostris.mp3,/308423/download
142,Sad Flycatcher (Myiarchus barbirostris),0:06,Ross Gallardy,2016-03-09,14:00,Jamaica,Ecclesdown Rd,300,call,"bird-seen:yes
playback-used:yes
 [sono]",ABCDE,XC308422,Creative Commons Attribution-NonCommercial-ShareAlike 4.0,XC308422 - Sad Flycatcher - Myiarchus barbirostris.mp3,/308422/download
143,Sad Flycatcher (Myiarchus barbirostris),1:01,Nick Komar,2015-01-17,07:00,Jamaica,"Green Castle Estate House, Robins Bay, Saint Mary Parish",120,"call, song","playback-used:no
  [also]
[sono]",ABCDE,XC211363,Creative Commons Attribution-NonCommercial-ShareAlike 4.0,XC211363 - Sad Flycatcher - Myiarchus barbirostris.mp3,/211363/download
144,Vervain Hummingbird (Mellisuga minima),0:37,Bobby Wilcox,2022-01-27,15:00,Jamaica,"Green Castle Estate House, Robins Bay, Saint Mary Parish",120,flight call,"About 15m away manicured garden. Flight display.
bird-seen:yes
playback-used:no
 [sono]",ABCDE,XC713810,Creative Commons Attribution-NonCommercial-ShareAlike 4.0,XC713810 - Vervain Hummingbird - Mellisuga minima.mp3,/713810/download
145,Vervain Hummingbird (Mellisuga minima),0:12,Nick Komar,2018-07-13,07:30,Jamaica,"Ecclesdown Road, Portland Parish",140,song,"Recording filtered and normalized.
bird-seen:yes
playback-used:no
 [sono]",ABCDE,XC426022,Creative Commons Attribution-NonCommercial-ShareAlike 4.0,XC426022 - Vervain Hummingbird - Mellisuga minima.mp3,/426022/download
146,Vervain Hummingbird (Mellisuga minima minima),0:13,Richard C. Hoyer,2010-04-11,06:10,Jamaica,"Port Royal, St. Andrew",5,song,[sono],ABCDE,XC48139,Creative Commons Attribution-NonCommercial-NoDerivs 2.5,XC48139 - Vervain Hummingbird - Mellisuga minima minima.mp3,/48139/download
147,Vervain Hummingbird (Mellisuga minima minima),0:25,Nathan Hentze,2014-02-05,08:45,Jamaica,"Marshall's Pen, Mandeville",650,song,"Singing from exposed perches on edge of pastureland. Several birds present, only one in recording. Recorded using Sennheiser ME66/K6 and Sony PCM-M10.
bird-seen:yes
playback-used:no
 [sono]",ABCDE,XC169916,Creative Commons Attribution-NonCommercial-ShareAlike 3.0,XC169916 - Vervain Hummingbird - Mellisuga minima minima.mp3,/169916/download
148,White-chinned Thrush (Turdus aurantius),0:13,Kiirsti,2017-01-28,07:00,Jamaica,"Fonthill Beach (near  Font Hill), St. Elizabeth Parish",0,call,"Unknown sex. Calling in logwood-dominant, dry scrub habitat.
bird-seen:yes
playback-used:no
 [sono]",ABCDE,XC362786,Creative Commons Attribution-NonCommercial-ShareAlike 4.0,XC362786 - White-chinned Thrush - Turdus aurantius.mp3,/362786/download
149,White-chinned Thrush (Turdus aurantius),0:23,Ross Gallardy,2016-03-10,14:00,Jamaica,Ecclesdown Rd,300,call,"bird-seen:yes
playback-used:no
 [sono]",ABCDE,XC308441,Creative Commons Attribution-NonCommercial-ShareAlike 4.0,XC308441 - White-chinned Thrush - Turdus aurantius.mp3,/308441/download
150,White-chinned Thrush (Turdus aurantius),0:19,Ross Gallardy,2016-03-10,14:00,Jamaica,Ecclesdown Rd,300,call,"bird-seen:yes
playback-used:no
 [sono]",ABCDE,XC308440,Creative Commons Attribution-NonCommercial-ShareAlike 4.0,XC308440 - White-chinned Thrush - Turdus aurantius.mp3,/308440/download
151,White-chinned Thrush (Turdus aurantius),0:21,Nick Komar,2015-01-15,10:30,Jamaica,"Ecclesdown Road, Portland Parish",260,call,"Calls were being given by two thrushes from dense understory of secondary forest. Songs of orioles begin after 15 seconds of thrush calls.
bird-seen:no
playback-used:no
  [also]
[sono]",ABCDE,XC211331,Creative Commons Attribution-NonCommercial-ShareAlike 4.0,XC211331 - White-chinned Thrush - Turdus aurantius.mp3,/211331/download
152,White-chinned Thrush (Turdus aurantius),0:05,Nick Komar,2018-07-13,09:30,Jamaica,"Ecclesdown Road, Portland Parish",140,flight call,"Recording filtered and normalized.
bird-seen:no
playback-used:no
 [sono]",ABCDE,XC426056,Creative Commons Attribution-NonCommercial-ShareAlike 4.0,XC426056 - White-chinned Thrush - Turdus aurantius.mp3,/426056/download
153,White-chinned Thrush (Turdus aurantius),0:44,Nick Komar,2018-07-13,08:30,Jamaica,"Ecclesdown Road, Portland Parish",140,call,"Recording filtered and normalized.
bird-seen:no
playback-used:no
 [sono]",ABCDE,XC426055,Creative Commons Attribution-NonCommercial-ShareAlike 4.0,XC426055 - White-chinned Thrush - Turdus aurantius.mp3,/426055/download
154,White-chinned Thrush (Turdus aurantius),0:23,Nick Komar,2018-07-13,08:00,Jamaica,"Ecclesdown Road, Portland Parish",140,call,"Recording filtered and normalized.
bird-seen:no
playback-used:no
 [sono]",ABCDE,XC426054,Creative Commons Attribution-NonCommercial-ShareAlike 4.0,XC426054 - White-chinned Thrush - Turdus aurantius.mp3,/426054/download
155,White-chinned Thrush (Turdus aurantius),2:08,Barry Edmonston,2017-03-17,09:30,Jamaica,Portland Parish,220,"call, song","bird-seen:yes
playback-used:no
 [sono]",ABCDE,XC379745,Creative Commons Attribution-NonCommercial-ShareAlike 4.0,XC379745 - White-chinned Thrush - Turdus aurantius.mp3,/379745/download
156,White-chinned Thrush (Turdus aurantius),0:26,Ross Gallardy,2016-03-09,10:00,Jamaica,"Blue Mountains National Park, Portland Parish",1200,call,"bird-seen:yes
playback-used:no
 [sono]",ABCDE,XC308421,Creative Commons Attribution-NonCommercial-ShareAlike 4.0,XC308421 - White-chinned Thrush - Turdus aurantius.mp3,/308421/download
157,White-chinned Thrush (Turdus aurantius),1:34,Richard C. Hoyer,2010-04-12,04:42,Jamaica,"Drapers, Portland",30,song,[sono],ABCDE,XC48140,Creative Commons Attribution-NonCommercial-NoDerivs 2.5,XC48140 - White-chinned Thrush - Turdus aurantius.mp3,/48140/download
158,White-eyed Thrush (Turdus jamaicensis),1:41,Andrew Spencer,2016-03-16,18:20,Jamaica,"Silver Hill Gap, St. Andrew",1100,call,"natural vocalization; two call types at dusk from a bird perched at mid-height in tall, humid montane forest.
bird-seen:yes
playback-used:no
 [sono]",ABCDE,XC311799,Creative Commons Attribution-NonCommercial-NoDerivs 4.0,XC311799 - White-eyed Thrush - Turdus jamaicensis.mp3,/311799/download
159,White-eyed Thrush (Turdus jamaicensis),0:37,Andrew Spencer,2016-03-16,16:50,Jamaica,"Silver Hill Gap, St. Andrew",1100,call,"natural vocalization; calls from a bird perched low in disturbed montane forest.
bird-seen:yes
playback-used:no
 [sono]",ABCDE,XC311798,Creative Commons Attribution-NonCommercial-NoDerivs 4.0,XC311798 - White-eyed Thrush - Turdus jamaicensis.mp3,/311798/download
160,White-winged Dove (Zenaida asiatica),0:20,Nick Komar,2015-01-18,07:00,Jamaica,"Green Castle Estate House, Robins Bay, Saint Mary Parish",120,song,"bird-seen:no
playback-used:no
  [also]
[sono]",ABCDE,XC211348,Creative Commons Attribution-NonCommercial-ShareAlike 4.0,XC211348 - White-winged Dove - Zenaida asiatica.mp3,/211348/download
161,Yellow-billed Amazon (Amazona collaria),0:11,Ross Gallardy,2016-03-10,14:00,Jamaica,Ecclesdown Rd,300,call,"bird-seen:yes
playback-used:no
 [sono]",ABCDE,XC308444,Creative Commons Attribution-NonCommercial-ShareAlike 4.0,XC308444 - Yellow-billed Amazon - Amazona collaria.mp3,/308444/download
162,Yellow-billed Amazon (Amazona collaria),1:01,Nick Komar,2015-01-15,09:30,Jamaica,"Ecclesdown Road, Portland Parish",140,call,"A long series of single call notes from a perched bird.
bird-seen:no
playback-used:no
  [also]
[sono]",ABCDE,XC255118,Creative Commons Attribution-NonCommercial-ShareAlike 4.0,XC255118 - Yellow-billed Amazon - Amazona collaria.mp3,/255118/download
163,Yellow-faced Grassquit (Tiaris olivaceus),0:20,Ross Gallardy,2016-03-11,08:30,Jamaica,"Wiltshire, Saint James Parish",280,"male, song","bird-seen:yes
playback-used:no
 [sono]",ABCDE,XC308457,Creative Commons Attribution-NonCommercial-ShareAlike 4.0,XC308457 - Yellow-faced Grassquit - Tiaris olivaceus.mp3,/308457/download
164,Yellow-faced Grassquit (Tiaris olivaceus),0:17,Kiirsti,2017-02-25,08:00,Jamaica,"Fonthill Beach (near  Font Hill), St. Elizabeth Parish",0,"male, song","Male singing in logwood-dominant, dry-scrub habitat
bird-seen:yes
playback-used:no
  [also]
[sono]",ABCDE,XC362785,Creative Commons Attribution-NonCommercial-ShareAlike 4.0,XC362785 - Yellow-faced Grassquit - Tiaris olivaceus.mp3,/362785/download
165,Yellow-shouldered Grassquit (Loxipasser anoxanthus),0:19,Richard C. Hoyer,2010-04-11,10:04,Jamaica,"Ecclesdown, Portland",220,song,[sono],ABCDE,XC48144,Creative Commons Attribution-NonCommercial-NoDerivs 2.5,XC48144 - Yellow-shouldered Grassquit - Loxipasser anoxanthus.mp3,/48144/download
166,Yellow-shouldered Grassquit (Loxipasser anoxanthus),0:18,Richard C. Hoyer,2010-04-12,13:21,Jamaica,"Ecclesdown, Portland",220,song,[sono],ABCDE,XC48143,Creative Commons Attribution-NonCommercial-NoDerivs 2.5,XC48143 - Yellow-shouldered Grassquit - Loxipasser anoxanthus.mp3,/48143/download
167,Yellow-shouldered Grassquit (Loxipasser anoxanthus),0:05,Bobby Wilcox,2022-01-27,14:00,Jamaica,"Green Castle Estate House, Robins Bay, Saint Mary Parish",120,"male, song","About 15m away in rainforest. 
bird-seen:yes
playback-used:no
 [sono]",ABCDE,XC713807,Creative Commons Attribution-NonCommercial-ShareAlike 4.0,XC713807 - Yellow-shouldered Grassquit - Loxipasser anoxanthus.mp3,/713807/download
168,Yellow-shouldered Grassquit (Loxipasser anoxanthus),1:01,Nick Komar,2018-07-13,08:30,Jamaica,"Ecclesdown Road, Portland Parish",140,song,"Recording filtered and normalized.
bird-seen:no
playback-used:no
  [also]
[sono]",ABCDE,XC426057,Creative Commons Attribution-NonCommercial-ShareAlike 4.0,XC426057 - Yellow-shouldered Grassquit - Loxipasser anoxanthus.mp3,/426057/download
